{"stats":{"minecraft:broken":{"minecraft:iron_boots":2,"minecraft:iron_chestplate":1,"minecraft:iron_leggings":1,"minecraft:shield":1,"minecraft:iron_axe":1,"minecraft:iron_helmet":1},"minecraft:used":{"minecraft:peony":2,"born_in_chaos_v1:intoxicating_decoction":2,"minecraft:shield":9,"minecraft:iron_sword":196,"minecraft:torch":6,"minecraft:dirt":2,"minecraft:jungle_planks":2,"minecraft:carrot":8,"minecraft:mangrove_log":2,"minecraft:quartz_pillar":1,"minecraft:iron_axe":25,"minecraft:stone_bricks":37,"minecraft:item_frame":1,"minecraft:bow":18,"minecraft:cooked_cod":1,"minecraft:furnace":1,"tombstone:gift":7,"minecraft:egg":1,"born_in_chaos_v1:trident_hayfork":265,"minecraft:baked_potato":63,"minecraft:oak_planks":3,"minecraft:birch_boat":3,"minecraft:sandstone":14,"minecraft:golden_apple":8,"minecraft:sand":26,"minecraft:crafting_table":6,"illagerinvasion:lost_candle":8,"minecraft:white_bed":8,"minecraft:cake":1,"minecraft:spruce_log":1,"tombstone:bag_of_seeds":2,"minecraft:lever":1,"minecraft:apple":2,"minecraft:iron_pickaxe":115,"minecraft:bread":16,"tombstone:magic_scroll":2,"minecraft:chiseled_stone_bricks":6,"minecraft:cobblestone":20,"minecraft:potion":2,"born_in_chaos_v1:rotten_fish":1,"minecraft:cooked_porkchop":2,"minecraft:cooked_rabbit":2},"minecraft:custom":{"minecraft:interact_with_anvil":3,"minecraft:mob_kills":129,"minecraft:interact_with_crafting_table":11,"minecraft:damage_dealt_resisted":3310,"minecraft:eat_cake_slice":2,"minecraft:leave_game":2,"minecraft:time_since_death":428,"minecraft:climb_one_cm":6759,"minecraft:sprint_one_cm":415901,"minecraft:walk_one_cm":318094,"minecraft:damage_blocked_by_shield":1035,"minecraft:drop":142,"minecraft:play_time":165460,"minecraft:sneak_time":5373,"minecraft:deaths":18,"minecraft:walk_under_water_one_cm":84483,"minecraft:boat_one_cm":240480,"minecraft:jump":3522,"minecraft:interact_with_brewingstand":1,"minecraft:walk_on_water_one_cm":63607,"minecraft:total_world_time":165460,"minecraft:interact_with_furnace":4,"tombstone:raider_killed":35,"minecraft:sleep_in_bed":3,"minecraft:time_since_rest":313,"minecraft:damage_absorbed":1184,"minecraft:damage_taken":9737,"minecraft:trigger_trapped_chest":1,"minecraft:damage_dealt":25893,"minecraft:swim_one_cm":157806,"minecraft:fly_one_cm":885490,"minecraft:open_chest":107,"minecraft:crouch_one_cm":11656,"tombstone:undead_killed":37,"minecraft:interact_with_smoker":2,"minecraft:fall_one_cm":74076},"minecraft:mined":{"minecraft:white_bed":7,"minecraft:candle":1,"minecraft:grass_block":2,"minecraft:kelp":6,"minecraft:sandstone":14,"minecraft:chiseled_stone_bricks":6,"minecraft:tall_seagrass":3,"minecraft:furnace":1,"minecraft:carrots":2,"minecraft:sticky_piston":1,"minecraft:fire":6,"minecraft:peony":2,"minecraft:bookshelf":3,"minecraft:vine":1,"minecraft:stone":30,"minecraft:cake":1,"minecraft:piston_head":1,"minecraft:kelp_plant":6,"minecraft:crafting_table":5,"minecraft:dead_bush":3,"minecraft:tall_grass":2,"minecraft:cobblestone":2,"minecraft:birch_log":8,"minecraft:birch_leaves":3,"minecraft:quartz_pillar":1,"minecraft:stone_brick_stairs":1,"minecraft:grass":40,"minecraft:coal_ore":1,"minecraft:sand":28,"minecraft:stone_bricks":40,"minecraft:oak_leaves":12,"minecraft:fern":7},"minecraft:dropped":{"minecraft:candle":4,"minecraft:birch_planks":1,"minecraft:wheat_seeds":13,"illagerinvasion:platinum_infused_hatchet":2,"minecraft:baked_potato":1,"illagerinvasion:lost_candle":2,"iceandfire:armor_copper_metal_chestplate":1,"minecraft:cobblestone":2,"minecraft:book":1,"minecraft:mangrove_planks":4,"minecraft:jungle_planks":2,"iceandfire:ectoplasm":5,"born_in_chaos_v1:pieceofdarkmetal":2,"born_in_chaos_v1:monster_flesh":4,"born_in_chaos_v1:gnawed_bones":2,"artifacts:snorkel":1,"born_in_chaos_v1:monster_skin":1,"minecraft:rabbit":1,"iceandfire:armor_copper_metal_boots":1,"minecraft:map":2,"tombstone:grave_dust":4,"minecraft:jungle_sapling":2,"minecraft:gold_nugget":12,"born_in_chaos_v1:trident_hayfork":1,"iceandfire:ash":6,"minecraft:sand":8,"minecraft:paper":5,"minecraft:kelp":2,"minecraft:iron_nugget":16,"minecraft:sticky_piston":2,"minecraft:birch_sapling":1,"born_in_chaos_v1:ethereal_spirit":5,"born_in_chaos_v1:rotten_fish":6,"minecraft:rotten_flesh":23,"minecraft:pumpkin_seeds":1,"minecraft:rabbit_hide":2,"minecraft:potato":1,"born_in_chaos_v1:seedof_chaos":1,"minecraft:beetroot_seeds":3,"born_in_chaos_v1:spiny_shell":1,"minecraft:melon_seeds":6,"born_in_chaos_v1:corpse_maggot":8,"minecraft:oak_sapling":13,"minecraft:spider_eye":1,"minecraft:stone_bricks":3,"minecraft:bamboo":2,"minecraft:bow":1,"minecraft:stone_brick_stairs":2,"iceandfire:manuscript":4},"minecraft:picked_up":{"iceandfire:dragon_skull_lightning":1,"minecraft:crafting_table":5,"born_in_chaos_v1:seedof_chaos":1,"minecraft:stone_brick_stairs":2,"minecraft:shield":1,"minecraft:string":6,"minecraft:iron_axe":1,"born_in_chaos_v1:intoxicating_decoction":2,"minecraft:sticky_piston":2,"minecraft:item_frame":1,"illagerinvasion:platinum_infused_hatchet":2,"minecraft:candle":4,"usefulbackpacks:backpack_small":1,"minecraft:gold_nugget":4,"born_in_chaos_v1:gnawed_bones":1,"minecraft:jungle_sapling":2,"minecraft:iron_nugget":16,"minecraft:birch_sapling":1,"minecraft:mangrove_log":3,"minecraft:egg":1,"minecraft:furnace":1,"illagerinvasion:lost_candle":1,"minecraft:stick":14,"minecraft:sandstone":14,"iceandfire:dragonbone":15,"minecraft:porkchop":2,"minecraft:quartz_pillar":1,"tombstone:grave_dust":2,"born_in_chaos_v1:nightmare_claw":1,"born_in_chaos_v1:pieceofdarkmetal":4,"minecraft:carrot":7,"minecraft:arrow":15,"minecraft:rotten_flesh":23,"minecraft:cooked_cod":1,"minecraft:peony":2,"iceandfire:deathworm_chitin_yellow":3,"iceandfire:fire_dragon_heart":1,"minecraft:iron_block":1,"born_in_chaos_v1:spiny_shell":14,"minecraft:totem_of_undying":1,"born_in_chaos_v1:trident_hayfork":2,"minecraft:mutton":4,"minecraft:white_wool":3,"minecraft:cobblestone":32,"minecraft:birch_log":8,"born_in_chaos_v1:corpse_maggot":10,"iceandfire:sea_serpent_fang":10,"born_in_chaos_v1:monster_flesh":4,"minecraft:potato":1,"minecraft:oak_log":2,"minecraft:map":2,"minecraft:dirt":2,"minecraft:paper":5,"born_in_chaos_v1:monster_skin":1,"minecraft:bone":20,"minecraft:apple":2,"minecraft:stone_bricks":40,"minecraft:kelp":2,"minecraft:bow":2,"minecraft:wheat_seeds":5,"minecraft:rabbit_hide":2,"minecraft:iron_ingot":2,"tombstone:bag_of_seeds":1,"minecraft:rabbit":3,"minecraft:glass_bottle":4,"minecraft:bamboo":2,"minecraft:oak_planks":2,"minecraft:book":14,"minecraft:birch_boat":2,"iceandfire:sea_serpent_scales_green":14,"minecraft:chiseled_stone_bricks":6,"iceandfire:ash":6,"born_in_chaos_v1:ethereal_spirit":5,"iceandfire:dragon_skull_fire":1,"minecraft:sand":33,"born_in_chaos_v1:dark_rod":2,"minecraft:white_bed":7,"born_in_chaos_v1:fangofthe_hound_leader":2,"minecraft:spruce_log":1,"iceandfire:lightning_dragon_heart":1,"minecraft:spider_eye":1,"minecraft:bundle":1,"minecraft:lever":1,"minecraft:bone_meal":1,"minecraft:golden_apple":3,"minecraft:emerald":34,"tombstone:magic_scroll":3,"minecraft:oak_sapling":13,"born_in_chaos_v1:rotten_fish":7,"minecraft:coal":1,"minecraft:ender_pearl":4},"minecraft:crafted":{"minecraft:oak_planks":8,"minecraft:birch_boat":1,"born_in_chaos_v1:spiny_shell_armor_chestplate":1,"minecraft:furnace":1,"born_in_chaos_v1:spiny_shell_armor_helmet":1,"minecraft:iron_boots":1,"tombstone:grave_key":1,"minecraft:cooked_rabbit":2,"minecraft:cooked_porkchop":2,"minecraft:crafting_table":2,"minecraft:mangrove_planks":4,"minecraft:birch_planks":32,"minecraft:air":0,"minecraft:iron_chestplate":1,"minecraft:stick":12,"minecraft:iron_ingot":9,"minecraft:white_bed":1,"minecraft:torch":32},"minecraft:killed":{"illagerinvasion:archivist":5,"born_in_chaos_v1:zombie_clown":1,"mca:female_zombie_villager":1,"minecraft:evoker":1,"born_in_chaos_v1:restless_spirit":1,"born_in_chaos_v1:zombie_lumberjack":2,"minecraft:spider":3,"minecraft:vindicator":13,"illagerinvasion:marauder":6,"born_in_chaos_v1:thornshell_crab":4,"illagerinvasion:basher":1,"born_in_chaos_v1:scarlet_persecutor":3,"born_in_chaos_v1:maggot":8,"minecraft:skeleton":5,"born_in_chaos_v1:dire_hound_leader":1,"illagerinvasion:provoker":6,"born_in_chaos_v1:corpse_fish":2,"illagerinvasion:necromancer":1,"born_in_chaos_v1:fallen_chaos_knight":1,"minecraft:husk":1,"minecraft:pig":1,"born_in_chaos_v1:baby_skeleton":3,"majruszsdifficulty:cursed_armor":1,"born_in_chaos_v1:dread_hound_not_despawn":1,"illagerinvasion:alchemist":2,"born_in_chaos_v1:decrepit_skeleton":7,"minecraft:sheep":3,"born_in_chaos_v1:zombie_fisherman":1,"minecraft:zombie":11,"iceandfire:ghost":1,"born_in_chaos_v1:dread_hound":6,"born_in_chaos_v1:corpse_fly":10,"born_in_chaos_v1:dark_vortex":1,"born_in_chaos_v1:nightmare_stalker":1,"born_in_chaos_v1:door_knight":3,"iceandfire:sea_serpent":2,"minecraft:enderman":2},"minecraft:killed_by":{"minecraft:vex":1}},"DataVersion":3465}