{"stats":{"minecraft:picked_up":{"minecraft:chainmail_boots":1,"minecraft:wheat":116,"iceandfire:troll_weapon_hammer":2,"minecraft:flower_pot":5,"minecraft:anvil":4,"minecraft:enchanted_book":7,"minecraft:amethyst_block":7,"born_in_chaos_v1:black_argillite":6,"minecraft:string":115,"minecraft:dark_oak_trapdoor":24,"minecraft:raw_copper":3,"minecraft:cooked_salmon":15,"minecraft:beetroot":32,"minecraft:cobbled_deepslate":56,"minecraft:bucket":2,"minecraft:spruce_planks":44,"minecraft:rose_bush":2,"minecraft:calcite":3,"minecraft:azalea":4,"minecraft:iron_pickaxe":1,"minecraft:coal_block":20,"minecraft:furnace":2,"minecraft:stick":8,"born_in_chaos_v1:shattered_skull":1,"minecraft:oak_fence":4,"minecraft:acacia_log":2,"minecraft:torch":17,"minecraft:spruce_stairs":1,"minecraft:cherry_log":2,"tombstone:grave_dust":18,"minecraft:diorite":11,"born_in_chaos_v1:nightmare_claw":1,"minecraft:golden_chestplate":2,"minecraft:rotten_flesh":98,"minecraft:tropical_fish":14,"minecraft:iron_block":66,"minecraft:obsidian":13,"minecraft:iron_bars":2,"minecraft:cobblestone":340,"minecraft:enchanting_table":5,"born_in_chaos_v1:staffof_magic_arrows":2,"minecraft:mossy_cobblestone_slab":2,"minecraft:lilac":3,"minecraft:andesite":7,"minecraft:orange_carpet":1,"minecraft:smoker":1,"minecraft:potato":280,"minecraft:tuff":8,"minecraft:magenta_bed":8,"minecraft:dirt":418,"minecraft:lantern":10,"born_in_chaos_v1:monster_skin":4,"minecraft:chipped_anvil":1,"minecraft:bone":64,"minecraft:bow":2,"minecraft:wheat_seeds":362,"minecraft:raw_gold":80,"minecraft:glowstone_dust":2,"minecraft:moss_block":3,"minecraft:oak_planks":9,"minecraft:pitcher_pod":3,"botania:red_mystical_flower":1,"patchouli:guide_book":1,"minecraft:poisonous_potato":1,"minecraft:jungle_planks":75,"minecraft:lily_of_the_valley":1,"minecraft:trapped_chest":1,"minecraft:barrel":1,"minecraft:bundle":3,"minecraft:stripped_acacia_log":17,"minecraft:diamond":16,"minecraft:granite":23,"minecraft:bone_meal":10,"minecraft:golden_apple":11,"minecraft:bread":8,"minecraft:emerald":15,"iceandfire:troll_leather_forest":6,"born_in_chaos_v1:rotten_fish":2,"minecraft:oak_sapling":16,"minecraft:bricks":2,"minecraft:diamond_pickaxe":2,"minecraft:crafting_table":10,"minecraft:charcoal":2,"born_in_chaos_v1:diamond_termite_shard":19,"artifacts:night_vision_goggles":1,"minecraft:clay_ball":48,"born_in_chaos_v1:seedof_chaos":4,"minecraft:brown_mushroom":2,"minecraft:shield":2,"minecraft:cornflower":4,"minecraft:moss_carpet":8,"artifacts:power_glove":1,"born_in_chaos_v1:intoxicating_decoction":1,"minecraft:iron_shovel":3,"minecraft:item_frame":2,"born_in_chaos_v1:gnawed_bones":5,"minecraft:lectern":1,"minecraft:sugar_cane":7,"minecraft:chest":3,"minecraft:egg":1,"minecraft:raw_copper_block":1,"minecraft:raw_iron":269,"minecraft:spruce_fence":51,"born_in_chaos_v1:pieceofdarkmetal":10,"minecraft:carrot":763,"minecraft:tnt":1,"minecraft:arrow":45,"minecraft:stone_shovel":1,"minecraft:beetroot_seeds":83,"minecraft:hay_block":19,"artifacts:cross_necklace":1,"born_in_chaos_v1:spiny_shell":3,"tombstone:essence_of_undeath":1,"minecraft:gold_ingot":1,"born_in_chaos_v1:trident_hayfork":1,"minecraft:glow_berries":5,"minecraft:rail":1,"born_in_chaos_v1:fused_bone":2,"born_in_chaos_v1:corpse_maggot":13,"born_in_chaos_v1:monster_flesh":9,"minecraft:glow_ink_sac":11,"minecraft:leather":2,"minecraft:oak_log":51,"artifacts:superstitious_hat":1,"minecraft:yellow_bed":1,"minecraft:gunpowder":23,"chococraft:chocobo_feather":1,"immersive_armors:warrior_leggings":3,"minecraft:stone_bricks":3,"minecraft:apple":14,"minecraft:acacia_trapdoor":5,"minecraft:spore_blossom":1,"minecraft:iron_ingot":1,"tombstone:bag_of_seeds":2,"minecraft:glass_bottle":1,"minecraft:flowering_azalea":2,"minecraft:iron_sword":3,"minecraft:book":14,"minecraft:smooth_basalt":2,"born_in_chaos_v1:ethereal_spirit":8,"minecraft:gravel":2,"minecraft:amethyst_shard":12,"minecraft:spruce_sapling":2,"minecraft:blast_furnace":28,"minecraft:white_bed":2,"minecraft:spruce_log":16,"minecraft:spider_eye":14,"minecraft:slime_ball":32,"minecraft:diamond_axe":1,"minecraft:acacia_slab":4,"tombstone:magic_scroll":4,"minecraft:terracotta":1,"minecraft:baked_potato":64,"minecraft:damaged_anvil":2,"minecraft:melon_seeds":2,"minecraft:coal":372,"minecraft:ender_pearl":1},"minecraft:custom":{"minecraft:interact_with_crafting_table":128,"minecraft:open_barrel":98,"minecraft:leave_game":6,"minecraft:time_since_death":41482,"minecraft:damage_resisted":40,"minecraft:sprint_one_cm":1211071,"minecraft:damage_blocked_by_shield":1950,"minecraft:drop":93,"minecraft:play_time":378588,"minecraft:deaths":18,"minecraft:jump":7598,"minecraft:walk_on_water_one_cm":92950,"minecraft:interact_with_furnace":52,"minecraft:sleep_in_bed":5,"minecraft:damage_dealt":41018,"minecraft:crouch_one_cm":41096,"tombstone:undead_killed":106,"minecraft:interact_with_smoker":42,"minecraft:inspect_dispenser":1,"minecraft:interact_with_smithing_table":4,"minecraft:mob_kills":207,"minecraft:interact_with_anvil":6,"minecraft:interact_with_campfire":15,"minecraft:damage_dealt_resisted":3160,"minecraft:climb_one_cm":12614,"minecraft:walk_one_cm":616648,"minecraft:sneak_time":16645,"minecraft:walk_under_water_one_cm":131632,"minecraft:interact_with_blast_furnace":169,"minecraft:total_world_time":379856,"tombstone:raider_killed":1,"minecraft:tune_noteblock":1,"minecraft:interact_with_grindstone":1,"minecraft:time_since_rest":41400,"minecraft:damage_taken":18132,"minecraft:trigger_trapped_chest":15,"minecraft:swim_one_cm":37877,"minecraft:fly_one_cm":1247259,"minecraft:open_chest":262,"minecraft:fall_one_cm":280346},"minecraft:mined":{"minecraft:large_amethyst_bud":3,"minecraft:white_bed":2,"minecraft:spruce_planks":18,"minecraft:oak_sapling":1,"minecraft:farmland":3,"botania:red_mystical_flower":1,"minecraft:granite":18,"minecraft:budding_amethyst":1,"minecraft:grass_block":300,"minecraft:mossy_cobblestone_slab":2,"minecraft:dark_oak_trapdoor":25,"minecraft:iron_ore":175,"minecraft:fire":25,"minecraft:cobbled_deepslate":1,"minecraft:moss_carpet":1,"minecraft:anvil":3,"minecraft:enchanting_table":4,"minecraft:dirt_path":2,"minecraft:iron_bars":2,"minecraft:potted_cornflower":4,"minecraft:azalea":1,"minecraft:medium_amethyst_bud":1,"minecraft:smoker":1,"minecraft:amethyst_cluster":3,"born_in_chaos_v1:infected_deepslate_diamond_ore":5,"minecraft:clay":10,"minecraft:torch":9,"minecraft:blast_furnace":28,"minecraft:calcite":3,"minecraft:chest":3,"minecraft:cobblestone":2,"minecraft:bricks":2,"minecraft:oak_planks":9,"minecraft:sugar_cane":2,"minecraft:damaged_anvil":1,"minecraft:wall_torch":3,"minecraft:amethyst_block":7,"mca:cross_headstone":1,"minecraft:wheat":50,"minecraft:magenta_bed":7,"minecraft:lilac":3,"minecraft:tnt":2,"minecraft:grass":36,"minecraft:oak_log":2,"minecraft:beetroots":8,"minecraft:dirt":54,"minecraft:smooth_basalt":2,"minecraft:raw_copper_block":1,"minecraft:oak_leaves":18,"minecraft:deepslate":44,"minecraft:diamond_ore":1,"minecraft:deepslate_diamond_ore":12,"born_in_chaos_v1:infected_diamond_ore":3,"minecraft:spruce_fence":51,"minecraft:jungle_planks":44,"born_in_chaos_v1:black_argillite":7,"minecraft:spruce_leaves":9,"minecraft:acacia_slab":4,"minecraft:moss_block":3,"minecraft:hay_block":19,"minecraft:spore_blossom":1,"minecraft:furnace":2,"minecraft:carrots":27,"minecraft:acacia_trapdoor":8,"minecraft:andesite":6,"minecraft:potatoes":2,"minecraft:vine":2,"minecraft:deepslate_iron_ore":82,"minecraft:lantern":4,"minecraft:stripped_acacia_log":17,"minecraft:stone":230,"minecraft:potted_lily_of_the_valley":1,"minecraft:oak_fence":4,"minecraft:crafting_table":9,"minecraft:emerald_ore":16,"minecraft:lectern":1,"minecraft:campfire":1,"minecraft:tall_grass":14,"minecraft:deepslate_gold_ore":48,"minecraft:diorite":11,"minecraft:spruce_stairs":1,"minecraft:spruce_log":6,"minecraft:yellow_bed":1,"minecraft:coal_ore":354,"minecraft:gravel":1,"minecraft:cobweb":93,"minecraft:terracotta":1,"minecraft:chipped_anvil":1,"minecraft:small_dripleaf":1,"minecraft:gold_ore":23,"minecraft:fern":7},"minecraft:crafted":{"minecraft:smooth_stone":3,"minecraft:oak_planks":148,"usefulbackpacks:backpack_small":2,"minecraft:stone":3,"minecraft:iron_boots":2,"minecraft:chest":8,"minecraft:stone_hoe":1,"born_in_chaos_v1:pileof_dark_metal":1,"minecraft:smoker":2,"minecraft:emerald":9,"minecraft:crafting_table":14,"minecraft:spruce_planks":64,"minecraft:iron_helmet":3,"minecraft:wooden_pickaxe":2,"minecraft:baked_potato":160,"minecraft:copper_ingot":9,"minecraft:gold_block":5,"minecraft:oak_wood":3,"mca:cross_headstone":9,"minecraft:iron_chestplate":2,"minecraft:emerald_block":1,"minecraft:stick":112,"minecraft:iron_ingot":434,"minecraft:iron_pickaxe":2,"minecraft:iron_block":46,"disenchanting:disenchanter":1,"minecraft:gold_ingot":133,"minecraft:stone_shovel":4,"minecraft:coal":45,"born_in_chaos_v1:black_argillitepressureplate":4,"minecraft:spyglass":1,"minecraft:furnace":4,"minecraft:blast_furnace":1,"mca:bouquet":1,"minecraft:diamond_block":1,"minecraft:diamond":10,"minecraft:leather":6,"minecraft:stone_pickaxe":2,"minecraft:wheat":171,"minecraft:coal_block":27,"mca:engagement_ring":1,"minecraft:enchanting_table":2,"minecraft:stone_axe":5,"born_in_chaos_v1:bone_heart":2,"minecraft:bread":95,"minecraft:air":0,"minecraft:white_wool":13,"minecraft:golden_apple":8,"minecraft:wooden_axe":1,"minecraft:iron_leggings":3,"minecraft:white_bed":3,"minecraft:acacia_planks":32,"minecraft:torch":228,"mca:wedding_ring":1,"minecraft:clay":9},"minecraft:killed_by":{"cave_dweller:cave_dweller":1},"minecraft:dropped":{"minecraft:iron_sword":1,"minecraft:brown_mushroom":2,"minecraft:glow_ink_sac":3,"minecraft:diamond":4,"minecraft:crafting_table":1,"minecraft:pitcher_pod":3,"minecraft:leather":2,"artifacts:night_vision_goggles":1,"born_in_chaos_v1:monster_flesh":1,"minecraft:dirt":65,"artifacts:superstitious_hat":1,"minecraft:bone":14,"minecraft:stone_axe":1,"minecraft:cobbled_deepslate":2,"minecraft:golden_chestplate":2,"born_in_chaos_v1:ethereal_spirit":1,"minecraft:obsidian":13,"minecraft:rotten_flesh":2,"minecraft:oak_planks":6,"minecraft:carrot":65,"born_in_chaos_v1:seedof_chaos":1,"minecraft:gunpowder":5,"minecraft:beetroot_seeds":1,"minecraft:melon_seeds":2,"born_in_chaos_v1:corpse_maggot":7,"born_in_chaos_v1:diamond_termite_shard":7,"minecraft:enchanted_book":5,"minecraft:bread":40,"minecraft:wheat_seeds":6,"tombstone:tablet_of_guard":1,"minecraft:iron_helmet":1,"minecraft:cobblestone":112,"minecraft:book":14,"minecraft:apple":14,"minecraft:granite":2,"minecraft:tropical_fish":14,"minecraft:acacia_log":2,"immersive_armors:warrior_leggings":2,"minecraft:golden_apple":11,"minecraft:coal_block":20,"minecraft:magenta_bed":1,"minecraft:iron_block":66,"born_in_chaos_v1:gnawed_bones":4,"tombstone:grave_dust":1,"minecraft:iron_leggings":1,"born_in_chaos_v1:staffof_magic_arrows":1,"minecraft:iron_shovel":2,"minecraft:bucket":1,"minecraft:anvil":1,"minecraft:moss_carpet":1,"minecraft:raw_iron":11,"minecraft:stone_shovel":1,"minecraft:clay_ball":4,"minecraft:damaged_anvil":1,"iceandfire:troll_weapon_hammer":1,"minecraft:shield":1,"minecraft:diamond_pickaxe":1,"minecraft:andesite":1,"minecraft:spider_eye":2,"minecraft:slime_ball":16,"minecraft:raw_gold":8},"minecraft:broken":{"minecraft:iron_shovel":1,"minecraft:iron_boots":1,"minecraft:stone_pickaxe":1,"minecraft:stone_axe":1,"minecraft:stone_shovel":2,"minecraft:iron_pickaxe":3,"minecraft:iron_helmet":1},"minecraft:used":{"minecraft:beetroot":1,"minecraft:moss_block":3,"minecraft:moss_carpet":7,"minecraft:iron_shovel":1,"minecraft:chest":11,"minecraft:shield":37,"minecraft:iron_sword":202,"minecraft:iron_chestplate":1,"minecraft:lily_of_the_valley":1,"minecraft:jungle_planks":11,"minecraft:carrot":223,"minecraft:tuff":5,"minecraft:axolotl_bucket":1,"born_in_chaos_v1:corpse_maggot":2,"minecraft:bricks":2,"minecraft:lantern":10,"minecraft:iron_helmet":2,"minecraft:mossy_cobblestone_slab":2,"born_in_chaos_v1:gnawed_bones":1,"minecraft:stone_bricks":3,"minecraft:item_frame":2,"minecraft:furnace":3,"minecraft:oak_sapling":26,"minecraft:egg":1,"minecraft:potato":99,"iceandfire:troll_weapon_hammer":11,"minecraft:diorite":9,"minecraft:damaged_anvil":1,"minecraft:stripped_acacia_log":9,"minecraft:acacia_trapdoor":5,"minecraft:stone_pickaxe":131,"minecraft:oak_planks":50,"minecraft:wooden_pickaxe":16,"minecraft:clay":9,"minecraft:diamond_axe":365,"minecraft:sugar_cane":7,"minecraft:cookie":11,"minecraft:white_wool":2,"minecraft:glow_berries":5,"minecraft:dark_oak_trapdoor":10,"minecraft:blast_furnace":27,"minecraft:bread":110,"minecraft:lectern":1,"minecraft:spore_blossom":1,"minecraft:gravel":2,"minecraft:lilac":3,"mca:cross_headstone":9,"minecraft:andesite":6,"minecraft:bone_meal":10,"minecraft:oak_fence":4,"minecraft:azalea":4,"minecraft:enchanting_table":5,"minecraft:rose_bush":2,"minecraft:iron_bars":2,"minecraft:stone_shovel":282,"minecraft:spruce_planks":17,"born_in_chaos_v1:black_argillite":2,"minecraft:cooked_salmon":15,"minecraft:stone_hoe":72,"minecraft:torch":188,"minecraft:dirt":368,"minecraft:spyglass":8,"iceandfire:copper_sword":106,"minecraft:spruce_stairs":1,"minecraft:spruce_fence":51,"minecraft:granite":18,"minecraft:wooden_axe":9,"minecraft:flowering_azalea":2,"minecraft:chipped_anvil":1,"minecraft:acacia_slab":4,"minecraft:iron_boots":1,"minecraft:smooth_basalt":2,"born_in_chaos_v1:black_argillitepressureplate":4,"minecraft:raw_copper_block":1,"tombstone:gift":5,"minecraft:cobbled_deepslate":52,"minecraft:iron_leggings":2,"minecraft:calcite":3,"minecraft:wheat_seeds":206,"minecraft:water_bucket":27,"minecraft:amethyst_block":7,"minecraft:baked_potato":16,"minecraft:orange_carpet":1,"minecraft:rail":1,"minecraft:terracotta":1,"minecraft:tnt":1,"minecraft:crafting_table":23,"minecraft:magenta_bed":7,"disenchanting:disenchanter":1,"minecraft:white_bed":3,"botania:red_mystical_flower":1,"minecraft:smoker":3,"minecraft:oak_log":3,"tombstone:bag_of_seeds":1,"minecraft:flower_pot":5,"minecraft:iron_pickaxe":981,"minecraft:stone_axe":221,"minecraft:cobblestone":133,"minecraft:bucket":29,"minecraft:yellow_bed":1},"minecraft:killed":{"born_in_chaos_v1:zombie_clown":1,"minecraft:cave_spider":12,"minecraft:witch":1,"born_in_chaos_v1:restless_spirit":1,"born_in_chaos_v1:zombie_lumberjack":2,"born_in_chaos_v1:skeleton_demoman":1,"minecraft:spider":8,"born_in_chaos_v1:siamese_skeletonsright":1,"born_in_chaos_v1:baby_skeleton_minion":2,"creeperoverhaul:dripstone_creeper":1,"born_in_chaos_v1:scarlet_persecutor":3,"minecraft:skeleton":29,"creeperoverhaul:jungle_creeper":1,"born_in_chaos_v1:skeleton_thrasher":2,"minecraft:tropical_fish":1,"artifacts:mimic":2,"born_in_chaos_v1:bonescaller":1,"minecraft:zombie_villager":1,"born_in_chaos_v1:diamond_termite":12,"minecraft:creeper":4,"minecraft:zombie":36,"born_in_chaos_v1:dread_hound":5,"born_in_chaos_v1:corpse_fly":5,"born_in_chaos_v1:door_knight":4,"born_in_chaos_v1:siamese_skeletonsleft":1,"mca:female_zombie_villager":1,"minecraft:slime":12,"born_in_chaos_v1:thornshell_crab":1,"born_in_chaos_v1:zombie_bruiser":2,"born_in_chaos_v1:maggot":11,"born_in_chaos_v1:fallen_chaos_knight":3,"minecraft:husk":1,"born_in_chaos_v1:baby_skeleton":4,"iceandfire:troll":2,"majruszsdifficulty:cursed_armor":1,"born_in_chaos_v1:decrepit_skeleton":10,"born_in_chaos_v1:bloody_gadfly":1,"born_in_chaos_v1:decaying_zombie":3,"iceandfire:ghost":1,"born_in_chaos_v1:nightmare_stalker":1,"minecraft:enderman":6}},"DataVersion":3465}