{"stats":{"minecraft:broken":{"minecraft:iron_shovel":1,"minecraft:iron_boots":1,"minecraft:stone_pickaxe":1,"minecraft:stone_axe":1,"minecraft:stone_shovel":2,"iceandfire:earplugs":1,"minecraft:iron_pickaxe":3,"minecraft:iron_helmet":1},"minecraft:used":{"minecraft:moss_carpet":7,"minecraft:beetroot":1,"minecraft:moss_block":3,"minecraft:iron_shovel":1,"minecraft:shield":51,"minecraft:chest":15,"minecraft:iron_sword":202,"minecraft:iron_chestplate":1,"minecraft:lily_of_the_valley":1,"minecraft:jungle_planks":11,"minecraft:carrot":317,"minecraft:tuff":5,"minecraft:axolotl_bucket":1,"born_in_chaos_v1:corpse_maggot":2,"minecraft:bricks":2,"minecraft:lantern":12,"minecraft:iron_helmet":2,"minecraft:mossy_cobblestone_slab":2,"born_in_chaos_v1:gnawed_bones":3,"minecraft:item_frame":2,"minecraft:stone_bricks":7,"minecraft:rabbit_stew":1,"minecraft:oak_sapling":26,"minecraft:furnace":3,"minecraft:cooked_cod":2,"minecraft:egg":5,"minecraft:potato":106,"iceandfire:troll_weapon_hammer":11,"minecraft:diorite":16,"minecraft:damaged_anvil":1,"minecraft:stripped_acacia_log":9,"minecraft:oak_planks":51,"minecraft:acacia_trapdoor":5,"minecraft:stone_pickaxe":131,"minecraft:sandstone":4,"minecraft:clay":9,"minecraft:wooden_pickaxe":16,"minecraft:sugar_cane":7,"minecraft:diamond_axe":380,"minecraft:cookie":11,"minecraft:white_wool":2,"minecraft:dark_oak_trapdoor":10,"minecraft:glow_berries":5,"minecraft:sand":39,"minecraft:pitcher_pod":1,"simplyswords:diamond_spear":160,"minecraft:blast_furnace":27,"illagerinvasion:lost_candle":17,"minecraft:bread":120,"minecraft:spore_blossom":1,"minecraft:lectern":1,"born_in_chaos_v1:smoked_monster_flesh":1,"minecraft:gravel":20,"minecraft:lilac":3,"minecraft:torchflower_seeds":5,"iceandfire:dragon_skull_fire":1,"mca:cross_headstone":18,"minecraft:birch_log":1,"minecraft:andesite":6,"minecraft:bone_meal":10,"minecraft:oak_fence":4,"minecraft:azalea":4,"minecraft:iron_bars":3,"minecraft:rose_bush":2,"minecraft:enchanting_table":5,"minecraft:tropical_fish":1,"minecraft:stone_shovel":282,"minecraft:spruce_planks":17,"born_in_chaos_v1:black_argillite":2,"minecraft:cooked_salmon":17,"minecraft:dirt":373,"minecraft:torch":188,"minecraft:stone_hoe":72,"minecraft:spyglass":34,"minecraft:anvil":2,"iceandfire:copper_sword":106,"minecraft:spruce_stairs":1,"minecraft:granite":18,"minecraft:spruce_fence":51,"minecraft:wooden_axe":9,"minecraft:flowering_azalea":2,"minecraft:chipped_anvil":1,"minecraft:acacia_slab":4,"minecraft:iron_boots":1,"minecraft:smooth_basalt":2,"born_in_chaos_v1:black_argillitepressureplate":4,"minecraft:raw_copper_block":1,"tombstone:gift":5,"minecraft:cobbled_deepslate":52,"minecraft:iron_leggings":2,"born_in_chaos_v1:trident_hayfork":79,"minecraft:calcite":3,"minecraft:wheat_seeds":206,"minecraft:water_bucket":29,"minecraft:amethyst_block":7,"minecraft:cobblestone_stairs":1,"minecraft:bundle":1,"minecraft:baked_potato":30,"minecraft:salmon":2,"minecraft:mossy_cobblestone":8,"minecraft:rail":1,"minecraft:orange_carpet":1,"minecraft:terracotta":1,"minecraft:tnt":1,"minecraft:crafting_table":28,"minecraft:magenta_bed":7,"disenchanting:disenchanter":1,"minecraft:cod":1,"minecraft:white_bed":15,"botania:red_mystical_flower":1,"minecraft:smoker":3,"tombstone:bag_of_seeds":3,"minecraft:oak_log":3,"minecraft:flower_pot":5,"minecraft:iron_pickaxe":1102,"minecraft:map":1,"iceandfire:ash":4,"minecraft:stone_axe":221,"minecraft:cobblestone":182,"illagerinvasion:platinum_infused_hatchet":2,"minecraft:bucket":31,"minecraft:kelp":27,"minecraft:yellow_bed":1},"minecraft:custom":{"minecraft:interact_with_crafting_table":155,"minecraft:open_barrel":99,"minecraft:leave_game":9,"minecraft:time_since_death":32274,"minecraft:damage_resisted":40,"minecraft:sprint_one_cm":1589773,"minecraft:damage_blocked_by_shield":3135,"minecraft:drop":147,"minecraft:play_time":527780,"minecraft:deaths":25,"minecraft:jump":10653,"minecraft:walk_on_water_one_cm":117692,"minecraft:interact_with_furnace":52,"minecraft:sleep_in_bed":13,"minecraft:damage_dealt":62688,"minecraft:crouch_one_cm":43160,"tombstone:undead_killed":124,"minecraft:interact_with_smoker":69,"minecraft:inspect_dispenser":1,"minecraft:interact_with_smithing_table":4,"minecraft:interact_with_anvil":6,"minecraft:mob_kills":281,"minecraft:interact_with_campfire":15,"minecraft:damage_dealt_resisted":3199,"minecraft:climb_one_cm":17068,"minecraft:walk_one_cm":743723,"minecraft:sneak_time":18940,"minecraft:walk_under_water_one_cm":218669,"minecraft:interact_with_blast_furnace":169,"minecraft:total_world_time":529048,"tombstone:raider_killed":6,"minecraft:tune_noteblock":1,"minecraft:interact_with_grindstone":1,"minecraft:time_since_rest":7215,"minecraft:damage_taken":23028,"minecraft:trigger_trapped_chest":16,"minecraft:swim_one_cm":180992,"minecraft:fly_one_cm":2433084,"minecraft:open_chest":465,"minecraft:fall_one_cm":362369},"minecraft:mined":{"minecraft:white_bed":13,"minecraft:large_amethyst_bud":3,"minecraft:spruce_planks":18,"minecraft:oak_sapling":1,"minecraft:farmland":7,"botania:red_mystical_flower":8,"minecraft:cobblestone_stairs":1,"minecraft:granite":18,"minecraft:budding_amethyst":1,"minecraft:grass_block":300,"botania:light_gray_mystical_flower":1,"minecraft:tall_seagrass":1,"botania:purple_mystical_flower":8,"minecraft:mossy_cobblestone_slab":2,"minecraft:dark_oak_trapdoor":25,"minecraft:iron_ore":175,"minecraft:cobbled_deepslate":1,"minecraft:fire":25,"botania:lime_double_flower":2,"minecraft:moss_carpet":1,"minecraft:anvil":3,"minecraft:enchanting_table":4,"iceandfire:gold_pile":50,"minecraft:dirt_path":2,"minecraft:iron_bars":3,"minecraft:potted_cornflower":4,"botania:brown_mystical_flower":8,"minecraft:azalea":1,"botania:green_mystical_flower":2,"minecraft:medium_amethyst_bud":1,"minecraft:smoker":1,"minecraft:amethyst_cluster":3,"born_in_chaos_v1:infected_deepslate_diamond_ore":5,"minecraft:clay":10,"minecraft:torch":9,"minecraft:blast_furnace":28,"minecraft:calcite":3,"minecraft:chest":4,"botania:brown_mushroom":1,"minecraft:cobblestone":26,"botania:blue_mystical_flower":5,"minecraft:damaged_anvil":1,"minecraft:oak_planks":12,"minecraft:sugar_cane":2,"minecraft:bricks":2,"minecraft:wall_torch":3,"minecraft:amethyst_block":7,"mca:cross_headstone":1,"minecraft:birch_log":1,"minecraft:wheat":50,"minecraft:magenta_bed":7,"minecraft:lilac":3,"minecraft:tnt":2,"minecraft:grass":46,"minecraft:oak_log":5,"minecraft:beetroots":8,"minecraft:sand":53,"minecraft:dirt":55,"minecraft:smooth_basalt":2,"minecraft:raw_copper_block":1,"minecraft:oak_leaves":29,"minecraft:deepslate":44,"minecraft:diamond_ore":1,"minecraft:mossy_cobblestone":8,"minecraft:dark_oak_leaves":2,"minecraft:deepslate_diamond_ore":12,"born_in_chaos_v1:infected_diamond_ore":3,"minecraft:spruce_fence":51,"born_in_chaos_v1:black_argillite":7,"minecraft:jungle_planks":44,"botania:brown_double_flower":1,"botania:cyan_double_flower":1,"minecraft:sandstone":21,"minecraft:kelp":1,"minecraft:acacia_slab":4,"minecraft:spruce_leaves":9,"minecraft:moss_block":3,"minecraft:hay_block":19,"minecraft:spore_blossom":1,"botania:magenta_mystical_flower":1,"minecraft:furnace":2,"minecraft:carrots":38,"minecraft:acacia_trapdoor":8,"minecraft:suspicious_sand":1,"minecraft:andesite":6,"minecraft:bookshelf":8,"minecraft:potatoes":5,"minecraft:deepslate_iron_ore":82,"minecraft:vine":3,"minecraft:lantern":6,"minecraft:stripped_acacia_log":17,"minecraft:stone":298,"botania:lime_mystical_flower":8,"minecraft:potted_lily_of_the_valley":1,"minecraft:oak_fence":4,"minecraft:crafting_table":10,"minecraft:emerald_ore":16,"minecraft:campfire":1,"minecraft:lectern":1,"minecraft:tall_grass":16,"minecraft:deepslate_gold_ore":48,"minecraft:diorite":18,"botania:pink_mystical_flower":6,"minecraft:spruce_stairs":1,"botania:cyan_mystical_flower":4,"minecraft:spruce_log":6,"iceandfire:ash":1,"minecraft:yellow_bed":1,"botania:white_mystical_flower":11,"minecraft:coal_ore":354,"minecraft:gravel":21,"minecraft:cobweb":94,"minecraft:terracotta":1,"minecraft:gold_ore":23,"minecraft:chipped_anvil":1,"minecraft:stone_bricks":4,"minecraft:small_dripleaf":1,"minecraft:fern":8},"minecraft:dropped":{"minecraft:iron_sword":1,"minecraft:brown_mushroom":2,"minecraft:oak_log":2,"minecraft:glow_ink_sac":3,"minecraft:ender_pearl":1,"minecraft:diamond":4,"minecraft:crafting_table":1,"minecraft:pitcher_pod":3,"minecraft:leather":2,"minecraft:emerald":8,"artifacts:night_vision_goggles":1,"born_in_chaos_v1:monster_flesh":1,"minecraft:dirt":65,"minecraft:dark_oak_log":2,"artifacts:superstitious_hat":1,"born_in_chaos_v1:monster_skin":1,"minecraft:coast_armor_trim_smithing_template":4,"minecraft:cooked_cod":1,"usefulbackpacks:backpack_small":1,"minecraft:sand":16,"botania:white_mystical_flower":12,"minecraft:white_wool":1,"minecraft:bone":26,"minecraft:stone_axe":1,"minecraft:emerald_block":3,"minecraft:golden_chestplate":2,"minecraft:cobbled_deepslate":2,"minecraft:obsidian":13,"born_in_chaos_v1:ethereal_spirit":1,"minecraft:rotten_flesh":2,"minecraft:oak_planks":6,"minecraft:salmon":1,"minecraft:carrot":66,"born_in_chaos_v1:seedof_chaos":1,"minecraft:gunpowder":11,"minecraft:beetroot_seeds":1,"minecraft:melon_seeds":2,"born_in_chaos_v1:corpse_maggot":7,"born_in_chaos_v1:diamond_termite_shard":7,"minecraft:arrow":6,"botania:light_gray_mystical_flower":1,"minecraft:enchanted_book":5,"minecraft:bread":40,"born_in_chaos_v1:intoxicating_decoction":2,"minecraft:wheat_seeds":16,"illagerinvasion:lost_candle":1,"minecraft:book":14,"minecraft:iron_helmet":1,"minecraft:cobblestone":112,"tombstone:tablet_of_guard":1,"minecraft:apple":25,"minecraft:granite":2,"minecraft:grass_block":2,"minecraft:tropical_fish":14,"minecraft:acacia_log":2,"immersive_armors:warrior_leggings":2,"minecraft:golden_apple":14,"minecraft:coal_block":20,"minecraft:pufferfish":1,"minecraft:magenta_bed":1,"minecraft:iron_block":67,"born_in_chaos_v1:gnawed_bones":4,"minecraft:map":1,"tombstone:grave_dust":1,"minecraft:iron_leggings":1,"born_in_chaos_v1:staffof_magic_arrows":1,"minecraft:iron_shovel":2,"minecraft:string":5,"minecraft:bucket":1,"minecraft:anvil":1,"minecraft:moss_carpet":1,"minecraft:raw_iron":11,"minecraft:stone_shovel":1,"minecraft:clay_ball":4,"minecraft:damaged_anvil":1,"iceandfire:troll_weapon_hammer":1,"minecraft:shield":1,"born_in_chaos_v1:spiny_shell":14,"minecraft:diamond_pickaxe":1,"minecraft:andesite":1,"minecraft:oak_sapling":12,"minecraft:spider_eye":2,"minecraft:slime_ball":20,"minecraft:raw_gold":8},"minecraft:picked_up":{"iceandfire:deathworm_egg":1,"minecraft:prismarine_shard":15,"minecraft:wheat":116,"minecraft:chainmail_boots":1,"iceandfire:troll_weapon_hammer":2,"minecraft:flower_pot":5,"minecraft:anvil":4,"minecraft:enchanted_book":7,"minecraft:amethyst_block":7,"born_in_chaos_v1:black_argillite":6,"iceandfire:manuscript":4,"minecraft:string":123,"minecraft:dark_oak_trapdoor":24,"minecraft:raw_copper":3,"minecraft:cooked_salmon":15,"minecraft:sticky_piston":2,"minecraft:pufferfish":1,"minecraft:beetroot":32,"illagerinvasion:platinum_infused_hatchet":2,"minecraft:gold_nugget":611,"minecraft:cobbled_deepslate":56,"minecraft:bucket":2,"minecraft:spruce_planks":44,"minecraft:rose_bush":2,"minecraft:calcite":3,"minecraft:azalea":4,"minecraft:iron_pickaxe":1,"minecraft:coal_block":20,"minecraft:furnace":2,"minecraft:stick":8,"born_in_chaos_v1:shattered_skull":1,"minecraft:oak_fence":4,"minecraft:torch":17,"minecraft:acacia_log":2,"minecraft:spruce_stairs":1,"iceandfire:rotten_egg":1,"minecraft:cherry_log":3,"tombstone:grave_dust":22,"minecraft:diorite":18,"born_in_chaos_v1:nightmare_claw":4,"minecraft:golden_chestplate":2,"minecraft:rabbit_foot":1,"botania:white_mystical_flower":12,"minecraft:rotten_flesh":126,"botania:light_gray_mystical_flower":1,"minecraft:tropical_fish":15,"born_in_chaos_v1:sea_terror_eye":4,"minecraft:iron_block":66,"minecraft:obsidian":13,"minecraft:iron_bars":3,"minecraft:cod":3,"minecraft:cobblestone":433,"minecraft:birch_log":6,"minecraft:enchanting_table":5,"born_in_chaos_v1:staffof_magic_arrows":2,"minecraft:mossy_cobblestone_slab":2,"minecraft:lilac":3,"minecraft:andesite":7,"minecraft:orange_carpet":1,"minecraft:smoker":1,"minecraft:potato":428,"minecraft:flint":2,"minecraft:tuff":8,"minecraft:magenta_bed":8,"minecraft:map":2,"minecraft:dirt":423,"minecraft:lantern":12,"born_in_chaos_v1:monster_skin":10,"minecraft:bone":77,"minecraft:chipped_anvil":1,"minecraft:bow":2,"minecraft:wheat_seeds":376,"minecraft:raw_gold":81,"minecraft:rabbit":8,"minecraft:glowstone_dust":2,"minecraft:moss_block":3,"minecraft:pitcher_pod":4,"minecraft:oak_planks":12,"botania:red_mystical_flower":1,"patchouli:guide_book":1,"iceandfire:dragon_skull_fire":1,"minecraft:poisonous_potato":2,"iceandfire:shiny_scales":34,"minecraft:sand":87,"minecraft:jungle_planks":75,"minecraft:ink_sac":3,"minecraft:grass_block":2,"minecraft:lily_of_the_valley":1,"minecraft:dark_oak_log":4,"minecraft:trapped_chest":1,"minecraft:barrel":1,"minecraft:mossy_cobblestone":8,"minecraft:bundle":4,"minecraft:stripped_acacia_log":17,"minecraft:diamond":16,"minecraft:granite":23,"minecraft:bone_meal":11,"minecraft:golden_apple":11,"minecraft:emerald":28,"minecraft:bread":8,"iceandfire:troll_leather_forest":6,"minecraft:oak_sapling":28,"born_in_chaos_v1:rotten_fish":37,"born_in_chaos_v1:sea_terror_stomach":2,"minecraft:bricks":2,"botania:brown_mushroom":1,"minecraft:fishing_rod":1,"iceandfire:siren_tear":1,"minecraft:diamond_pickaxe":2,"minecraft:crafting_table":11,"minecraft:charcoal":2,"born_in_chaos_v1:diamond_termite_shard":19,"artifacts:night_vision_goggles":1,"minecraft:clay_ball":48,"born_in_chaos_v1:seedof_chaos":5,"minecraft:brown_mushroom":2,"minecraft:shield":2,"iceandfire:sea_serpent_scales_blue":2,"minecraft:cornflower":4,"minecraft:moss_carpet":8,"artifacts:power_glove":1,"minecraft:item_frame":2,"born_in_chaos_v1:intoxicating_decoction":5,"minecraft:iron_shovel":3,"botania:magenta_mystical_flower":1,"minecraft:candle":4,"born_in_chaos_v1:gnawed_bones":7,"minecraft:lectern":1,"minecraft:sugar_cane":7,"minecraft:chest":4,"minecraft:raw_copper_block":1,"minecraft:egg":5,"iceandfire:dragonbone":10,"illagerinvasion:lost_candle":2,"minecraft:raw_iron":269,"minecraft:sandstone":21,"minecraft:spruce_fence":51,"iceandfire:deathworm_chitin_white":16,"born_in_chaos_v1:pieceofdarkmetal":13,"minecraft:carrot":805,"minecraft:prismarine_crystals":33,"minecraft:tnt":1,"artifacts:snorkel":1,"iceandfire:sea_serpent_scales_purple":3,"minecraft:arrow":52,"minecraft:stone_shovel":1,"minecraft:beetroot_seeds":84,"minecraft:hay_block":19,"artifacts:cross_necklace":1,"born_in_chaos_v1:spiny_shell":34,"tombstone:essence_of_undeath":1,"minecraft:gold_ingot":1,"born_in_chaos_v1:trident_hayfork":1,"minecraft:glow_berries":5,"minecraft:rail":1,"minecraft:white_wool":1,"born_in_chaos_v1:fused_bone":4,"born_in_chaos_v1:corpse_maggot":14,"iceandfire:sea_serpent_fang":12,"minecraft:air":0,"born_in_chaos_v1:monster_flesh":13,"minecraft:salmon":7,"minecraft:glow_ink_sac":12,"minecraft:leather":2,"minecraft:birch_planks":1,"minecraft:oak_log":58,"artifacts:superstitious_hat":1,"iceandfire:ectoplasm":10,"minecraft:yellow_bed":1,"minecraft:gunpowder":29,"minecraft:cobblestone_stairs":1,"minecraft:paper":4,"chococraft:chocobo_feather":3,"minecraft:coast_armor_trim_smithing_template":4,"immersive_armors:warrior_leggings":3,"minecraft:kelp":27,"minecraft:apple":25,"minecraft:stone_bricks":10,"minecraft:acacia_trapdoor":5,"minecraft:rabbit_hide":2,"minecraft:spore_blossom":1,"minecraft:iron_ingot":2,"tombstone:bag_of_seeds":3,"minecraft:glass_bottle":1,"minecraft:iron_sword":3,"minecraft:flowering_azalea":2,"minecraft:book":42,"minecraft:smooth_basalt":2,"minecraft:emerald_block":3,"iceandfire:ash":4,"born_in_chaos_v1:ethereal_spirit":12,"minecraft:gravel":20,"born_in_chaos_v1:dark_rod":4,"minecraft:amethyst_shard":12,"minecraft:spruce_sapling":2,"minecraft:blast_furnace":28,"minecraft:white_bed":13,"minecraft:spruce_log":16,"minecraft:spider_eye":14,"minecraft:slime_ball":40,"minecraft:diamond_axe":1,"minecraft:terracotta":1,"minecraft:baked_potato":64,"tombstone:magic_scroll":4,"minecraft:damaged_anvil":2,"minecraft:acacia_slab":4,"minecraft:melon_seeds":2,"minecraft:coal":372,"minecraft:ender_pearl":4},"minecraft:crafted":{"minecraft:smooth_stone":3,"minecraft:oak_planks":168,"usefulbackpacks:backpack_small":2,"minecraft:stone":3,"minecraft:cooked_mutton":4,"minecraft:iron_boots":2,"minecraft:chest":11,"minecraft:stone_hoe":1,"minecraft:cooked_rabbit":8,"born_in_chaos_v1:pileof_dark_metal":1,"minecraft:smoker":2,"born_in_chaos_v1:smoked_fish":20,"minecraft:emerald":9,"minecraft:crafting_table":19,"minecraft:spruce_planks":64,"minecraft:wooden_pickaxe":2,"minecraft:iron_helmet":3,"minecraft:baked_potato":221,"minecraft:copper_ingot":9,"minecraft:gold_block":12,"minecraft:birch_planks":20,"iceandfire:earplugs":1,"minecraft:oak_wood":3,"mca:cross_headstone":18,"minecraft:iron_chestplate":2,"minecraft:emerald_block":5,"minecraft:stick":112,"usefulbackpacks:backpack_large":1,"minecraft:iron_ingot":507,"minecraft:iron_pickaxe":4,"minecraft:iron_block":47,"disenchanting:disenchanter":1,"minecraft:sandstone":8,"minecraft:gold_ingot":189,"minecraft:cherry_planks":4,"minecraft:coal":45,"minecraft:stone_shovel":4,"born_in_chaos_v1:black_argillitepressureplate":4,"minecraft:spyglass":1,"minecraft:furnace":4,"minecraft:blast_furnace":1,"mca:bouquet":1,"born_in_chaos_v1:smoked_monster_flesh":3,"minecraft:diamond_block":2,"minecraft:diamond":10,"minecraft:leather":16,"botania:flower_bag":1,"minecraft:stone_pickaxe":2,"usefulbackpacks:backpack_medium":1,"minecraft:dark_oak_planks":4,"minecraft:wheat":171,"minecraft:coal_block":27,"mca:engagement_ring":1,"minecraft:enchanting_table":2,"minecraft:cooked_salmon":4,"minecraft:stone_axe":5,"born_in_chaos_v1:bone_heart":2,"minecraft:bread":95,"minecraft:air":0,"minecraft:white_wool":26,"minecraft:golden_apple":11,"botania:magenta_petal":2,"minecraft:wooden_axe":1,"minecraft:iron_leggings":3,"minecraft:white_bed":3,"minecraft:acacia_planks":32,"minecraft:torch":228,"mca:wedding_ring":1,"minecraft:clay":9},"minecraft:killed":{"illagerinvasion:archivist":1,"born_in_chaos_v1:zombie_clown":2,"minecraft:cave_spider":12,"minecraft:witch":1,"born_in_chaos_v1:restless_spirit":1,"born_in_chaos_v1:zombie_lumberjack":3,"born_in_chaos_v1:skeleton_demoman":1,"minecraft:spider":9,"born_in_chaos_v1:siamese_skeletonsright":2,"born_in_chaos_v1:baby_skeleton_minion":2,"creeperoverhaul:dripstone_creeper":1,"born_in_chaos_v1:scarlet_persecutor":3,"minecraft:skeleton":30,"creeperoverhaul:jungle_creeper":1,"illagerinvasion:provoker":2,"born_in_chaos_v1:skeleton_thrasher":2,"minecraft:tropical_fish":1,"artifacts:mimic":2,"born_in_chaos_v1:bonescaller":1,"minecraft:zombie_villager":1,"born_in_chaos_v1:diamond_termite":12,"born_in_chaos_v1:glutton_fish":2,"minecraft:creeper":6,"born_in_chaos_v1:zombie_fisherman":1,"minecraft:zombie":39,"born_in_chaos_v1:dread_hound":10,"born_in_chaos_v1:corpse_fly":5,"born_in_chaos_v1:door_knight":4,"iceandfire:sea_serpent":2,"born_in_chaos_v1:siamese_skeletonsleft":2,"mca:female_zombie_villager":1,"minecraft:vindicator":1,"illagerinvasion:marauder":1,"minecraft:slime":12,"born_in_chaos_v1:thornshell_crab":6,"born_in_chaos_v1:zombie_bruiser":3,"born_in_chaos_v1:maggot":14,"iceandfire:siren":8,"born_in_chaos_v1:corpse_fish":8,"iceandfire:deathworm":2,"born_in_chaos_v1:fallen_chaos_knight":4,"minecraft:husk":1,"born_in_chaos_v1:baby_skeleton":5,"iceandfire:troll":2,"minecraft:rabbit":5,"majruszsdifficulty:cursed_armor":1,"born_in_chaos_v1:decrepit_skeleton":10,"born_in_chaos_v1:bloody_gadfly":1,"born_in_chaos_v1:decaying_zombie":3,"creeperoverhaul:ocean_creeper":1,"iceandfire:ghost":7,"born_in_chaos_v1:dark_vortex":2,"born_in_chaos_v1:nightmare_stalker":4,"minecraft:enderman":8},"minecraft:killed_by":{"cave_dweller:cave_dweller":1}},"DataVersion":3465}