{"stats":{"minecraft:picked_up":{"minecraft:birch_log":5,"minecraft:crafting_table":1,"chococraft:loverly_gysahl_green":1,"minecraft:jungle_log":16,"minecraft:potato":6,"minecraft:oak_log":20,"minecraft:dirt":13,"minecraft:lantern":1,"minecraft:iron_leggings":1,"minecraft:bone":1,"chococraft:gysahl_green":28,"minecraft:acacia_planks":3,"minecraft:wheat_seeds":1,"minecraft:spruce_planks":2,"minecraft:fletching_table":1,"minecraft:oak_planks":3,"minecraft:iron_sword":1,"minecraft:jungle_planks":1,"chococraft:gysahl_green_seeds":10,"minecraft:carrot":64,"minecraft:cyan_bed":3,"minecraft:arrow":2,"minecraft:rotten_flesh":2,"minecraft:beetroot_seeds":1,"minecraft:iron_helmet":1,"minecraft:bread":32,"minecraft:oak_sapling":1},"minecraft:custom":{"minecraft:mob_kills":3,"minecraft:interact_with_crafting_table":12,"minecraft:interact_with_loom":1,"minecraft:leave_game":8,"minecraft:time_since_death":8771,"minecraft:sleep_in_bed":1,"minecraft:time_since_rest":2386,"minecraft:sprint_one_cm":103598,"minecraft:damage_taken":4716,"minecraft:walk_one_cm":74699,"minecraft:drop":2,"minecraft:damage_dealt":334,"minecraft:swim_one_cm":1470,"minecraft:fly_one_cm":74246,"minecraft:open_chest":30,"minecraft:crouch_one_cm":757,"minecraft:play_time":42101,"tombstone:undead_killed":1,"minecraft:deaths":4,"minecraft:sneak_time":539,"minecraft:walk_under_water_one_cm":32326,"minecraft:jump":448,"minecraft:walk_on_water_one_cm":2651,"minecraft:interact_with_smoker":5,"minecraft:total_world_time":42101,"minecraft:fall_one_cm":62671},"minecraft:mined":{"minecraft:spruce_planks":2,"minecraft:farmland":1,"minecraft:jungle_leaves":1,"minecraft:crafting_table":1,"minecraft:grass_block":1,"minecraft:jungle_planks":1,"minecraft:jungle_log":5,"minecraft:cyan_bed":3,"minecraft:oak_planks":3,"minecraft:wheat":1,"minecraft:fletching_table":1,"minecraft:grass":8,"chococraft:gysahl_green":10,"minecraft:vine":1,"minecraft:oak_log":5,"minecraft:beetroots":1,"minecraft:dirt":1,"minecraft:acacia_planks":3,"minecraft:oak_leaves":3,"minecraft:fern":2,"minecraft:orange_bed":1},"minecraft:crafted":{"minecraft:oak_planks":76,"minecraft:crafting_table":1,"minecraft:birch_planks":20,"born_in_chaos_v1:smoked_monster_flesh":7,"minecraft:jungle_planks":64,"minecraft:stick":4,"minecraft:wooden_axe":1},"minecraft:dropped":{"patchouli:guide_book":1,"minecraft:wooden_axe":1},"minecraft:used":{"minecraft:oak_planks":7,"minecraft:iron_sword":12,"minecraft:dirt":12,"minecraft:crafting_table":2,"minecraft:jungle_planks":48,"minecraft:carrot":15,"minecraft:wooden_axe":27,"minecraft:cyan_bed":2,"minecraft:bread":2,"minecraft:iron_helmet":1,"born_in_chaos_v1:smoked_monster_flesh":1,"tombstone:gift":2,"chococraft:gysahl_green":2,"minecraft:iron_leggings":1},"minecraft:killed":{"minecraft:zombie":1}},"DataVersion":3465}