{"stats":{"minecraft:picked_up":{"minecraft:birch_log":5,"chococraft:loverly_gysahl_green":1,"minecraft:crafting_table":1,"minecraft:jungle_log":16,"minecraft:potato":6,"minecraft:jungle_planks":1,"minecraft:oak_log":20,"chococraft:gysahl_green_seeds":10,"minecraft:carrot":64,"minecraft:cyan_bed":3,"minecraft:dirt":13,"minecraft:lantern":1,"minecraft:iron_leggings":1,"minecraft:arrow":2,"minecraft:bone":1,"minecraft:acacia_planks":3,"chococraft:gysahl_green":28,"minecraft:beetroot_seeds":1,"minecraft:wheat_seeds":1,"minecraft:spruce_planks":2,"minecraft:iron_helmet":1,"minecraft:bread":32,"minecraft:fletching_table":1,"minecraft:oak_planks":3,"minecraft:oak_sapling":1,"minecraft:iron_sword":1},"minecraft:mined":{"minecraft:spruce_planks":2,"minecraft:farmland":1,"minecraft:wheat":1,"minecraft:jungle_leaves":1,"minecraft:fletching_table":1,"minecraft:crafting_table":1,"minecraft:grass":8,"chococraft:gysahl_green":10,"minecraft:grass_block":1,"minecraft:jungle_planks":1,"minecraft:oak_log":5,"minecraft:beetroots":1,"minecraft:vine":1,"minecraft:jungle_log":5,"minecraft:dirt":1,"minecraft:acacia_planks":3,"minecraft:cyan_bed":3,"minecraft:oak_planks":3,"minecraft:oak_leaves":3,"minecraft:fern":2,"minecraft:orange_bed":1},"minecraft:custom":{"minecraft:time_since_rest":556,"minecraft:sprint_one_cm":100399,"minecraft:damage_taken":4644,"minecraft:walk_one_cm":69303,"minecraft:mob_kills":1,"minecraft:drop":2,"minecraft:damage_dealt":44,"minecraft:swim_one_cm":1470,"minecraft:interact_with_crafting_table":12,"minecraft:fly_one_cm":71033,"minecraft:play_time":40271,"minecraft:interact_with_loom":1,"minecraft:open_chest":28,"minecraft:crouch_one_cm":757,"minecraft:sneak_time":539,"minecraft:deaths":4,"minecraft:walk_under_water_one_cm":32326,"minecraft:jump":414,"minecraft:sleep_in_bed":1,"minecraft:leave_game":7,"minecraft:time_since_death":6941,"minecraft:walk_on_water_one_cm":2276,"minecraft:total_world_time":40271,"minecraft:interact_with_smoker":5,"minecraft:fall_one_cm":61566},"minecraft:crafted":{"minecraft:oak_planks":76,"minecraft:crafting_table":1,"minecraft:stick":4,"minecraft:wooden_axe":1,"minecraft:birch_planks":20,"born_in_chaos_v1:smoked_monster_flesh":7,"minecraft:jungle_planks":64},"minecraft:dropped":{"minecraft:wooden_axe":1,"patchouli:guide_book":1},"minecraft:used":{"minecraft:wooden_axe":27,"minecraft:bread":2,"minecraft:cyan_bed":2,"minecraft:oak_planks":7,"minecraft:iron_helmet":1,"minecraft:iron_sword":5,"minecraft:dirt":12,"minecraft:crafting_table":2,"minecraft:jungle_planks":48,"minecraft:carrot":15,"tombstone:gift":2,"chococraft:gysahl_green":2,"minecraft:iron_leggings":1}},"DataVersion":3465}